Workbook

Sheet Start Here
A1: SKYBASE RMM — TEST WORKBOOK
A2: Purpose | B2: One place to record testing from setup through recovery. All results start Not started; no live results are assumed.
A3: 1. Prepare | B3: Use a spare Windows PC, QA Test company, test mailbox and harmless test files. Keep your main admin signed in while testing permissions.
A4: 2. Work in order | B4: Open Test Scenarios and follow stage 01 through 10. Use the dropdown in Status. Yellow columns are yours to update.
A5: 3. Record a result | B5: Pass = observed expected result. Fail = expected result did not happen. Blocked = prerequisite missing. Not applicable = intentionally out of scope; give a reason in Actual result.
A6: 4. Record failures | B6: Add an Issues row and its Issue ID to the test row. Include what you did, expected/actual result and a screenshot filename. Never paste passwords, cookies, API keys or private customer data.
A7: 5. Work with me | B7: Save and upload this updated Excel file here when you want review. I can read the statuses/Issues, help diagnose failures and return a revised workbook. I cannot see edits until you upload a copy.
A8: 6. Optional shared storage | B8: You can keep the master in Excel Online/OneDrive or import it to Google Sheets for your team. Keep a single master. Download/export the latest .xlsx and upload it here for my review; no live spreadsheet connector is attached.
A9: 7. Retest after fixes | B9: Keep the original failure evidence in Issues. Retest the same Test ID and update Status/date. Close the Issue only after observing the fix.
A10: 8. Release decision | B10: Do not begin customer rollout with required Critical tests failing or blocked. Not applicable needs a documented scope reason. Successful small tests are not proof of 100-device capacity.
A11: Current scope | B11: Comet/MSP360 and antivirus choices mostly link vendor consoles; real work is verified there. Native patch install/discovery, AD writes and remote marketplace execution are future work.
A12: Workbook version | B12: 1.0 — created October 11, 2026 (America/Chicago). Keep dated copies after each test round.
A13: RMM URL (you fill in)
A14: RMM version / Git commit (you fill in)
A15: Test owner (you fill in)
A16: QA company / PC names (you fill in)
A17: Browser / Windows version (you fill in)
A18: Testing started (Chicago date; you fill in)
A19: Master workbook location (you fill in)

Sheet Progress
A1: SKYBASE RMM — TEST PROGRESS
A2: Metric | B2: Count
A3: Total scenarios | B3: 67
A4: Not started | B4: =COUNTIF('Test Scenarios'!H2:H68,A4)
A5: In progress | B5: =COUNTIF('Test Scenarios'!H2:H68,A5)
A6: Pass | B6: =COUNTIF('Test Scenarios'!H2:H68,A6)
A7: Fail | B7: =COUNTIF('Test Scenarios'!H2:H68,A7)
A8: Blocked | B8: =COUNTIF('Test Scenarios'!H2:H68,A8)
A9: Not applicable | B9: =COUNTIF('Test Scenarios'!H2:H68,A9)
A10: Pass rate (excludes Not applicable) | B10: =IFERROR(COUNTIF('Test Scenarios'!H2:H68,"Pass")/(COUNTA('Test Scenarios'!A2:A68)-COUNTIF('Test Scenarios'!H2:H68,"Not applicable")),0)
A11: Critical failures | B11: =COUNTIFS('Test Scenarios'!D2:D68,"Critical",'Test Scenarios'!H2:H68,"Fail")
A12: Critical unfinished (includes Blocked) | B12: =COUNTIFS('Test Scenarios'!D2:D68,"Critical",'Test Scenarios'!H2:H68,"<>Pass",'Test Scenarios'!H2:H68,"<>Not applicable")
A13: Release review | B13: All required Critical tests need observed passes. Review every Not applicable reason.
A14: Stage | B14: Total | C14: Pass | D14: Fail | E14: Blocked | F14: Not started | G14: In progress | H14: Not applicable
A15: 01 Setup | B15: =COUNTIF('Test Scenarios'!B2:B68,A15) | C15: =COUNTIFS('Test Scenarios'!B2:B68,A15,'Test Scenarios'!H2:H68,C$14) | D15: =COUNTIFS('Test Scenarios'!B2:B68,A15,'Test Scenarios'!H2:H68,D$14) | E15: =COUNTIFS('Test Scenarios'!B2:B68,A15,'Test Scenarios'!H2:H68,E$14) | F15: =COUNTIFS('Test Scenarios'!B2:B68,A15,'Test Scenarios'!H2:H68,F$14) | G15: =COUNTIFS('Test Scenarios'!B2:B68,A15,'Test Scenarios'!H2:H68,G$14) | H15: =COUNTIFS('Test Scenarios'!B2:B68,A15,'Test Scenarios'!H2:H68,H$14)
A16: 02 Customers & devices | B16: =COUNTIF('Test Scenarios'!B2:B68,A16) | C16: =COUNTIFS('Test Scenarios'!B2:B68,A16,'Test Scenarios'!H2:H68,C$14) | D16: =COUNTIFS('Test Scenarios'!B2:B68,A16,'Test Scenarios'!H2:H68,D$14) | E16: =COUNTIFS('Test Scenarios'!B2:B68,A16,'Test Scenarios'!H2:H68,E$14) | F16: =COUNTIFS('Test Scenarios'!B2:B68,A16,'Test Scenarios'!H2:H68,F$14) | G16: =COUNTIFS('Test Scenarios'!B2:B68,A16,'Test Scenarios'!H2:H68,G$14) | H16: =COUNTIFS('Test Scenarios'!B2:B68,A16,'Test Scenarios'!H2:H68,H$14)
A17: 03 User access | B17: =COUNTIF('Test Scenarios'!B2:B68,A17) | C17: =COUNTIFS('Test Scenarios'!B2:B68,A17,'Test Scenarios'!H2:H68,C$14) | D17: =COUNTIFS('Test Scenarios'!B2:B68,A17,'Test Scenarios'!H2:H68,D$14) | E17: =COUNTIFS('Test Scenarios'!B2:B68,A17,'Test Scenarios'!H2:H68,E$14) | F17: =COUNTIFS('Test Scenarios'!B2:B68,A17,'Test Scenarios'!H2:H68,F$14) | G17: =COUNTIFS('Test Scenarios'!B2:B68,A17,'Test Scenarios'!H2:H68,G$14) | H17: =COUNTIFS('Test Scenarios'!B2:B68,A17,'Test Scenarios'!H2:H68,H$14)
A18: 04 Remote & scripts | B18: =COUNTIF('Test Scenarios'!B2:B68,A18) | C18: =COUNTIFS('Test Scenarios'!B2:B68,A18,'Test Scenarios'!H2:H68,C$14) | D18: =COUNTIFS('Test Scenarios'!B2:B68,A18,'Test Scenarios'!H2:H68,D$14) | E18: =COUNTIFS('Test Scenarios'!B2:B68,A18,'Test Scenarios'!H2:H68,E$14) | F18: =COUNTIFS('Test Scenarios'!B2:B68,A18,'Test Scenarios'!H2:H68,F$14) | G18: =COUNTIFS('Test Scenarios'!B2:B68,A18,'Test Scenarios'!H2:H68,G$14) | H18: =COUNTIFS('Test Scenarios'!B2:B68,A18,'Test Scenarios'!H2:H68,H$14)
A19: 05 Backup & antivirus | B19: =COUNTIF('Test Scenarios'!B2:B68,A19) | C19: =COUNTIFS('Test Scenarios'!B2:B68,A19,'Test Scenarios'!H2:H68,C$14) | D19: =COUNTIFS('Test Scenarios'!B2:B68,A19,'Test Scenarios'!H2:H68,D$14) | E19: =COUNTIFS('Test Scenarios'!B2:B68,A19,'Test Scenarios'!H2:H68,E$14) | F19: =COUNTIFS('Test Scenarios'!B2:B68,A19,'Test Scenarios'!H2:H68,F$14) | G19: =COUNTIFS('Test Scenarios'!B2:B68,A19,'Test Scenarios'!H2:H68,G$14) | H19: =COUNTIFS('Test Scenarios'!B2:B68,A19,'Test Scenarios'!H2:H68,H$14)
A20: 06 Patch planning | B20: =COUNTIF('Test Scenarios'!B2:B68,A20) | C20: =COUNTIFS('Test Scenarios'!B2:B68,A20,'Test Scenarios'!H2:H68,C$14) | D20: =COUNTIFS('Test Scenarios'!B2:B68,A20,'Test Scenarios'!H2:H68,D$14) | E20: =COUNTIFS('Test Scenarios'!B2:B68,A20,'Test Scenarios'!H2:H68,E$14) | F20: =COUNTIFS('Test Scenarios'!B2:B68,A20,'Test Scenarios'!H2:H68,F$14) | G20: =COUNTIFS('Test Scenarios'!B2:B68,A20,'Test Scenarios'!H2:H68,G$14) | H20: =COUNTIFS('Test Scenarios'!B2:B68,A20,'Test Scenarios'!H2:H68,H$14)
A21: 07 Network & AD | B21: =COUNTIF('Test Scenarios'!B2:B68,A21) | C21: =COUNTIFS('Test Scenarios'!B2:B68,A21,'Test Scenarios'!H2:H68,C$14) | D21: =COUNTIFS('Test Scenarios'!B2:B68,A21,'Test Scenarios'!H2:H68,D$14) | E21: =COUNTIFS('Test Scenarios'!B2:B68,A21,'Test Scenarios'!H2:H68,E$14) | F21: =COUNTIFS('Test Scenarios'!B2:B68,A21,'Test Scenarios'!H2:H68,F$14) | G21: =COUNTIFS('Test Scenarios'!B2:B68,A21,'Test Scenarios'!H2:H68,G$14) | H21: =COUNTIFS('Test Scenarios'!B2:B68,A21,'Test Scenarios'!H2:H68,H$14)
A22: 08 Tickets & AI | B22: =COUNTIF('Test Scenarios'!B2:B68,A22) | C22: =COUNTIFS('Test Scenarios'!B2:B68,A22,'Test Scenarios'!H2:H68,C$14) | D22: =COUNTIFS('Test Scenarios'!B2:B68,A22,'Test Scenarios'!H2:H68,D$14) | E22: =COUNTIFS('Test Scenarios'!B2:B68,A22,'Test Scenarios'!H2:H68,E$14) | F22: =COUNTIFS('Test Scenarios'!B2:B68,A22,'Test Scenarios'!H2:H68,F$14) | G22: =COUNTIFS('Test Scenarios'!B2:B68,A22,'Test Scenarios'!H2:H68,G$14) | H22: =COUNTIFS('Test Scenarios'!B2:B68,A22,'Test Scenarios'!H2:H68,H$14)
A23: 09 Monitoring | B23: =COUNTIF('Test Scenarios'!B2:B68,A23) | C23: =COUNTIFS('Test Scenarios'!B2:B68,A23,'Test Scenarios'!H2:H68,C$14) | D23: =COUNTIFS('Test Scenarios'!B2:B68,A23,'Test Scenarios'!H2:H68,D$14) | E23: =COUNTIFS('Test Scenarios'!B2:B68,A23,'Test Scenarios'!H2:H68,E$14) | F23: =COUNTIFS('Test Scenarios'!B2:B68,A23,'Test Scenarios'!H2:H68,F$14) | G23: =COUNTIFS('Test Scenarios'!B2:B68,A23,'Test Scenarios'!H2:H68,G$14) | H23: =COUNTIFS('Test Scenarios'!B2:B68,A23,'Test Scenarios'!H2:H68,H$14)
A24: 10 Reliability & cleanup | B24: =COUNTIF('Test Scenarios'!B2:B68,A24) | C24: =COUNTIFS('Test Scenarios'!B2:B68,A24,'Test Scenarios'!H2:H68,C$14) | D24: =COUNTIFS('Test Scenarios'!B2:B68,A24,'Test Scenarios'!H2:H68,D$14) | E24: =COUNTIFS('Test Scenarios'!B2:B68,A24,'Test Scenarios'!H2:H68,E$14) | F24: =COUNTIFS('Test Scenarios'!B2:B68,A24,'Test Scenarios'!H2:H68,F$14) | G24: =COUNTIFS('Test Scenarios'!B2:B68,A24,'Test Scenarios'!H2:H68,G$14) | H24: =COUNTIFS('Test Scenarios'!B2:B68,A24,'Test Scenarios'!H2:H68,H$14)

Sheet Test Scenarios
A1: Test ID | B1: Stage | C1: Scenario | D1: Priority | E1: Before you start | F1: Steps to perform | G1: Expected result | H1: Status | I1: Actual result / notes | J1: Evidence link / filename | K1: Tester | L1: Test date (Chicago) | M1: Issue ID
A2: T001 | B2: 01 Setup | C2: Back up the RMM before testing | D2: Critical | E2: Server administrator; current deployment working | F2: 1. Run scripts/backup-database.py using the documented deployment procedure. 2. Record the backup location and date. 3. Confirm a non-empty backup exists. | G2: Database backup exists. Keep it outside the active application data folder as well. | H2: Not started
A3: T002 | B3: 01 Setup | C3: Prepare the test environment | D3: High | E3: One spare Windows PC; administrator login | F3: 1. Use a spare PC or disposable VM. 2. Create a QA Test customer/company and group. 3. Record browser, RMM version/commit and PC name in Start Here. 4. Use test mail and files. | G3: Tests use a separate QA scope; no production customer records, backups or devices are deleted. | H3: Not started
A4: T003 | B4: 01 Setup | C4: Administrator sign-in and sign-out | D4: Critical | E4: Existing administrator credentials | F4: 1. Sign in. 2. Confirm Dashboard loads. 3. Sign out. 4. Try opening the previous page. 5. Sign back in. | G4: Valid credentials work. Signed-out API requests require sign-in. Do not record passwords. | H4: Not started
A5: T004 | B5: 01 Setup | C5: Refresh and navigation persistence | D5: High | E5: Signed in | F5: 1. Open Backups and refresh. 2. Repeat on Tickets and User Management. 3. Use browser Back and Forward. | G5: Refresh retains an allowed page. Back/Forward changes pages correctly. | H5: Not started
A6: T005 | B6: 01 Setup | C6: Layout and small-screen usability | D6: Normal | E6: Desktop browser and phone or narrow browser | F6: 1. Open Dashboard, Computers, Tickets and User Management. 2. Test at phone width. 3. Open an Add/Edit dialog. 4. Confirm fields and buttons remain reachable. | G6: Cards and dialogs are usable. Tables may scroll inside their container; page controls remain accessible. | H6: Not started
A7: T006 | B7: 02 Customers & devices | C7: Create customer and company | D7: Critical | E7: Administrator; QA scope | F7: 1. Add customer QA Test with a test contact. 2. Add QA Test Company linked to that customer. 3. Refresh. | G7: Correct customer/company link and contact details persist. | H7: Not started
A8: T007 | B8: 02 Customers & devices | C8: Edit contact information | D8: Normal | E8: QA customer/company | F8: 1. Edit test contact, email and phone. 2. Save and refresh. | G8: Updated values persist without creating duplicate records. | H8: Not started
A9: T008 | B9: 02 Customers & devices | C9: Create location and device group | D9: High | E9: QA company | F9: 1. Add QA Lab location. 2. Add QA Windows group within it. 3. Rename the test group. 4. Refresh. | G9: Location/group belong to the correct company; rename persists. | H9: Not started
A10: T009 | B10: 02 Customers & devices | C10: Enroll a Windows computer | D10: Critical | E10: Spare Windows PC; QA group; trusted installer source | F10: 1. Add Device and select QA company/location/group. 2. Generate enrollment link. 3. Install agent on the spare PC. 4. Wait for synchronization. | G10: Computer appears under the selected company/location/group. Agent connects; existing customer devices are unaffected. | H10: Not started
A11: T010 | B11: 02 Customers & devices | C11: Online and offline device state | D11: High | E11: QA PC enrolled | F11: 1. Confirm Online. 2. Shut down/disconnect only the QA PC. 3. Wait at least one 30-second inventory refresh. 4. Reconnect it. | G11: State changes Offline then Online after fresh synchronization. Device record remains visible. | H11: Not started
A12: T011 | B12: 02 Customers & devices | C12: Live telemetry readings | D12: High | E12: QA Windows PC online | F12: 1. Open Computers. 2. Wait for CPU, memory and system-disk readings. 3. Compare disk/memory with Windows tools at approximately the same time. | G12: Measured values and reading time appear. Transient CPU variation is normal. Unknown readings are not shown as healthy zeroes. | H12: Not started
A13: T012 | B13: 02 Customers & devices | C13: Edit computer display name | D13: Normal | E13: QA PC | F13: 1. Rename its RMM display name. 2. Refresh the page. | G13: Name persists and the computer remains linked to its company/group. | H13: Not started
... A68: T067 | B68: 10 Reliability & cleanup | C68: Clean up QA settings and review release | D68: Critical | E68: Admin; complete or recorded outcomes | F68: 1. Disable temporary monitoring rules. 2. Deactivate test employees. 3. Cancel vendor test schedules if appropriate. 4. Keep useful test evidence/history. 5. Review all Critical failures and Blocked scenarios. | G68: No unintended QA jobs remain. Required critical tests pass; unresolved risks are documented before customer rollout. Do not delete production backups or records. | H68: Not started

Sheet Issues
A1: Issue ID | B1: Test ID | C1: Priority | D1: Problem / actual behavior | E1: Expected behavior | F1: Evidence link / filename | G1: Owner | H1: Issue status | I1: Fix / workaround / retest notes | J1: Reported date (Chicago)

Sheet Future Features
A1: Capability | B1: Current behavior to test | C1: Future capability — do not mark as working | D1: Status
A2: Patching | B2: Manual catalog, planned rollout and Windows advance notice | C2: Automatic update discovery, installation and installed-state verification | D2: Not implemented / not validated
A3: Comet / MSP360 | B3: Company provider choice and vendor console link; validate backups in vendor portal | C3: Native RMM vendor API inventory and backup/restore actions | D3: Not implemented / not validated
A4: Antivirus | B4: Provider choices/console links; verify protection in vendor portal | C4: Native status aggregation, deployment, scanning and policy controls | D4: Not implemented / not validated
A5: Active Directory | B5: Read-only users/groups/OUs sync with suitable agent/RSAT | C5: Create/edit/delete accounts, password changes and memberships | D5: Not implemented / not validated
A6: Script Marketplace | B6: Browse, inspect, copy/download and authorized local test | C6: Remote execution, scheduling and durable execution results | D6: Not implemented / not validated
A7: Ticket email | B7: New inbound mail, supported threading/dedup; internal notes stay internal | C7: Outbound acknowledgments/replies and attachment handling | D7: Not implemented / not validated
A8: User Management | B8: Feature permissions across all companies; admin password reset | C8: Per-company employee scoping, MFA, email invitations and self-service email password recovery | D8: Not implemented / not validated
A9: Remote access | B9: RMM permission controls offered link; MeshCentral has independent access | C9: Automatic provisioning of separate MeshCentral technician accounts/rights | D9: Not implemented / not validated
A10: AI | B10: Ticket suggestions through supported configured API provider | C10: Automatic fixes or execution of proposed commands | D10: Not implemented / not validated
A11: Capacity | B11: Baseline measurements on current Droplet/test devices | C11: Validated 100-device and concurrent-operator load test | D11: Not implemented / not validated
